Binomial,mass,log10,sizeclass,habitat,diet,reprod,foraging,activity,maximum SVL
Amphisbaena bakeri,10.7102154,1.029798205,small,Terrestrial,Insectivorous,Oviparous,Sit-and-Wait,Nocturnal,260
Amphisbaena barbouri,2.294187337,0.360628878,xsmall,Terrestrial,Insectivorous,Oviparous,Sit-and-Wait,Nocturnal,177
Amphisbaena caeca,16.81973724,1.225819207,small,Terrestrial,Insectivorous,Oviparous,Sit-and-Wait,Nocturnal,291
Amphisbaena carlgansi,1.861291062,0.269814292,xsmall,Terrestrial,Insectivorous,Oviparous,Sit-and-Wait,Nocturnal,168
Amphisbaena caudalis,8.720405732,0.940536692,xsmall,Terrestrial,Insectivorous,Oviparous,Sit-and-Wait,Nocturnal,247
Amphisbaena cubana,4.213722702,0.624665952,xsmall,Terrestrial,Insectivorous,Oviparous,Sit-and-Wait,Nocturnal,206
Amphisbaena hyporissor,21.67136702,1.335886307,small,Terrestrial,Insectivorous,Oviparous,Sit-and-Wait,Nocturnal,310
Amphisbaena innocens,11.04417487,1.043133275,small,Terrestrial,Insectivorous,Oviparous,Sit-and-Wait,Nocturnal,262
Amphisbaena leali,9.753684478,0.989168702,xsmall,Terrestrial,Insectivorous,Oviparous,Sit-and-Wait,Nocturnal,254
Amphisbaena manni,4.727459258,0.674627795,xsmall,Terrestrial,Insectivorous,Oviparous,Sit-and-Wait,Nocturnal,212
Amphisbaena schmidti,7.771528527,0.890506446,xsmall,Terrestrial,Insectivorous,Oviparous,Sit-and-Wait,Nocturnal,240
Amphisbaena xera,8.440895041,0.9263885,xsmall,Terrestrial,Insectivorous,Oviparous,Sit-and-Wait,Nocturnal,245
Cadea blanoides,17.34868506,1.239266563,small,Terrestrial,Insectivorous,Oviparous,Sit-and-Wait,Nocturnal,260
Caiman crocodilus,10900,4.037426498,large,Aquatic,Carnivorous,Oviparous,Sit-and-Wait,Nocturnal,2500
Crocodylus acutus,76700,4.884795364,mega,Aquatic,Carnivorous,Oviparous,Sit-and-Wait,Nocturnal,4050
Crocodylus rhombifer,57500,4.759667845,mega,Aquatic,Carnivorous,Oviparous,Sit-and-Wait,Nocturnal,4900
Anolis agueroi,78.57014621,1.895257561,small,Aquatic,Omnivorous,Oviparous,Sit-and-Wait,Diurnal,158.1
Anolis ahli,4.931953265,0.693018953,xsmall,Trunk-Ground,Omnivorous,Oviparous,Sit-and-Wait,Diurnal,61.7
Anolis alayoni,2.187073104,0.3398633,xsmall,Twig,Omnivorous,Oviparous,Active,Diurnal,46.8
Anolis alfaroi,1.010745828,0.004641957,xsmall,Grass-Bush,Carnivorous,Oviparous,Sit-and-Wait,Diurnal,36
Anolis allisoni,4.5,0.653212514,xsmall,Trunk-Crown,Carnivorous,Oviparous,Active,Diurnal,100
Anolis allogus,5.195140195,0.715597272,xsmall,Trunk-Ground,Carnivorous,Oviparous,Mixed,Diurnal,62.8
Anolis altitudinalis,2.98182284,0.474481837,xsmall,Trunk-Crown,Omnivorous,Oviparous,Active,Diurnal,52
Anolis alutaceus,2.35619766,0.37221172,xsmall,Grass-Bush,Carnivorous,Oviparous,Sit-and-Wait,Diurnal,48
Anolis anfiloquioi,1.429330557,0.155132678,xsmall,Grass-Bush,Omnivorous,Oviparous,Sit-and-Wait,Diurnal,40.5
Anolis angusticeps,2.6,0.414973348,xsmall,Twig,Carnivorous,Oviparous,Active,Diurnal,53
Anolis argenteolus,2.19,0.340444115,xsmall,Arboreal,Carnivorous,Oviparous,Sit-and-Wait,Diurnal,65
Anolis argillaceus,2.35619766,0.37221172,xsmall,Arboreal,Omnivorous,Oviparous,Sit-and-Wait,Diurnal,48
Anolis baracoae,56,1.748188027,small,Crown-Giant,Carnivorous,Oviparous,Sit-and-Wait,Diurnal,172
Anolis barbatus,97.27040557,1.987980727,small,Arboreal,Herbivorous,Oviparous,Sit-and-Wait,Diurnal,170
Anolis bartschi,10.58987275,1.024890742,small,Terrestrial,Omnivorous,Oviparous,Sit-and-Wait,Diurnal,80
Anolis birama,5.748983938,0.759591095,xsmall,Trunk-Ground,Omnivorous,Oviparous,Sit-and-Wait,Diurnal,65
Anolis bremeri,7.767338007,0.890272205,xsmall,Trunk-Ground,Carnivorous,Oviparous,Sit-and-Wait,Diurnal,72
Anolis carolinensis,2.455,0.390051496,xsmall,Trunk-Crown,Carnivorous,Oviparous,Sit-and-Wait,Diurnal,75
Anolis centralis,2.370668421,0.374870815,xsmall,Arboreal,Carnivorous,Oviparous,Sit-and-Wait,Diurnal,48.1
Anolis chamaeleonides,109.5310749,2.03953735,small,Arboreal,Carnivorous,Oviparous,Sit-and-Wait,Diurnal,177
Anolis clivicola,2.564157418,0.408944684,xsmall,Grass-Bush,Carnivorous,Oviparous,Sit-and-Wait,Diurnal,49.4
Anolis confusus,3.15369441,0.498819608,xsmall,Trunk-Ground,Carnivorous,Oviparous,Sit-and-Wait,Diurnal,53
Anolis cooki,6.95,0.841984805,xsmall,Trunk-Ground,Carnivorous,Oviparous,Sit-and-Wait,Diurnal,70
Anolis cristatellus,8.4,0.924279286,xsmall,Trunk-Ground,Omnivorous,Oviparous,Sit-and-Wait,Diurnal,78
Anolis cupeyalensis,0.817865375,-0.087318178,xxsmall,Grass-Bush,Carnivorous,Oviparous,Sit-and-Wait,Diurnal,33.5
Anolis cuvieri,46.6,1.668385917,small,Crown-Giant,Omnivorous,Oviparous,Sit-and-Wait,Diurnal,180
Anolis cyanopleurus,1.704763728,0.231664196,xsmall,Grass-Bush,Carnivorous,Oviparous,Sit-and-Wait,Diurnal,43
Anolis delafuentei,4.769143328,0.678440375,xsmall,Trunk-Ground,Omnivorous,Oviparous,Sit-and-Wait,Diurnal,61
Anolis desiradei,10.58987275,1.024890742,small,Semi-Arboreal,Omnivorous,Oviparous,Sit-and-Wait,Diurnal,80
Anolis distichus,3.1,0.491361694,xsmall,Trunk,Carnivorous,Oviparous,Active,Diurnal,53
Anolis equestris,56,1.748188027,small,Crown-Giant,Omnivorous,Oviparous,Mixed,Diurnal,190
Anolis evermanni,5.4,0.73239376,xsmall,Trunk-Crown,Carnivorous,Oviparous,Active,Diurnal,78
Anolis ferreus,58.47882289,1.766998622,small,Arboreal,Carnivorous,Oviparous,Sit-and-Wait,Diurnal,143
Anolis fugitivus,1.027355179,0.011720615,xsmall,Arboreal,Omnivorous,Oviparous,Sit-and-Wait,Diurnal,36.2
Anolis garmani,33.8,1.5289167,small,Crown-Giant,Omnivorous,Oviparous,Sit-and-Wait,Diurnal,138
Anolis garridoi,1.568558141,0.195500621,xsmall,Twig,Carnivorous,Oviparous,Sit-and-Wait,Diurnal,41.8
Anolis gingivinus,7.767338007,0.890272205,xsmall,Semi-Arboreal,Omnivorous,Oviparous,Sit-and-Wait,Diurnal,72
Anolis grahami,6.1,0.785329835,xsmall,Trunk-Crown,Omnivorous,Oviparous,Sit-and-Wait,Diurnal,75
Anolis guafe,2.473609364,0.393331116,xsmall,Trunk-Ground,Omnivorous,Oviparous,Sit-and-Wait,Diurnal,48.8
Anolis guamuhaya,84.40985861,1.926393173,small,Arboreal,Carnivorous,Oviparous,Sit-and-Wait,Diurnal,162
Anolis guazuma,2.42913804,0.385452195,xsmall,Twig,Omnivorous,Oviparous,Active,Diurnal,48.5
Anolis gundlachi,6.9,0.838849091,xsmall,Trunk-Ground,Carnivorous,Oviparous,Sit-and-Wait,Diurnal,76
Anolis homolechis,7.149545489,0.854278434,xsmall,Trunk-Ground,Carnivorous,Oviparous,Mixed,Diurnal,70
Anolis imias,6.396131966,0.805917416,xsmall,Trunk-Ground,Carnivorous,Oviparous,Sit-and-Wait,Diurnal,67.4
Anolis incredulus,0.854301116,-0.068389026,xxsmall,Grass-Bush,Omnivorous,Oviparous,Sit-and-Wait,Diurnal,34
Anolis inexpectatus,1.095593564,0.039649472,xsmall,Grass-Bush,Carnivorous,Oviparous,Sit-and-Wait,Diurnal,37
Anolis isolepis,1.590740771,0.201599412,xsmall,Trunk-Crown,Omnivorous,Oviparous,Active,Diurnal,42
Anolis juangundlachi,1.010745828,0.004641957,xsmall,Arboreal,Omnivorous,Oviparous,Sit-and-Wait,Diurnal,36
Anolis jubar,5.00283697,0.699216351,xsmall,Trunk-Ground,Carnivorous,Oviparous,Sit-and-Wait,Diurnal,62
Anolis krugi,2.1,0.322219295,xsmall,Grass-Bush,Carnivorous,Oviparous,Sit-and-Wait,Diurnal,55
Anolis leachii,37.54056787,1.574500838,small,Arboreal,Carnivorous,Oviparous,Sit-and-Wait,Diurnal,123
Anolis lineatopus,3.1,0.491361694,xsmall,Trunk-Ground,Carnivorous,Oviparous,Sit-and-Wait,Diurnal,73
Anolis litoralis,2.370668421,0.374870815,xsmall,Arboreal,Carnivorous,Oviparous,Sit-and-Wait,Diurnal,48.1
Anolis longiceps,11.80124286,1.071927748,small,Trunk-Crown,Carnivorous,Oviparous,Active,Diurnal,83
Anolis loysiana,2.98182284,0.474481837,xsmall,Trunk,Carnivorous,Oviparous,Active,Diurnal,52
Anolis lucius,2.89,0.460897843,xsmall,Semi-Arboreal,Carnivorous,Oviparous,Sit-and-Wait,Diurnal,70
Anolis luteogularis,56,1.748188027,small,Crown-Giant,Omnivorous,Oviparous,Sit-and-Wait,Diurnal,191
Anolis macilentus,1.481870002,0.170810107,xsmall,Grass-Bush,Carnivorous,Oviparous,Sit-and-Wait,Diurnal,41
Anolis marmoratus,12.65757413,1.10235048,small,Semi-Arboreal,Carnivorous,Oviparous,Sit-and-Wait,Diurnal,85
Anolis mestrei,4.542772401,0.657320979,xsmall,Trunk-Ground,Carnivorous,Oviparous,Sit-and-Wait,Diurnal,60
Anolis monensis,4.542772401,0.657320979,xsmall,Trunk-Ground,Omnivorous,Oviparous,Sit-and-Wait,Diurnal,60
Anolis noblei,56,1.748188027,small,Crown-Giant,Omnivorous,Oviparous,Sit-and-Wait,Diurnal,190
Anolis occultus,0.6,-0.22184875,xxsmall,Twig,Omnivorous,Oviparous,Active,Diurnal,42
Anolis opalinus,1.75,0.243038049,xsmall,Trunk-Crown,Carnivorous,Oviparous,Sit-and-Wait,Diurnal,56
Anolis ophiolepis,1.357863136,0.132855998,xsmall,Grass-Bush,Carnivorous,Oviparous,Sit-and-Wait,Diurnal,39.8
Anolis oporinus,2.173352958,0.337130263,xsmall,Trunk-Crown,Omnivorous,Oviparous,Active,Diurnal,46.7
Anolis paternus,2.6,0.414973348,xsmall,Twig,Carnivorous,Oviparous,Active,Diurnal,50
Anolis pigmaequestris,54.94253341,1.739908681,small,Arboreal,Omnivorous,Oviparous,Sit-and-Wait,Diurnal,140
Anolis pogus,4.111546034,0.614005157,xsmall,Semi-Arboreal,Carnivorous,Oviparous,Sit-and-Wait,Diurnal,58
Anolis poncensis,1.7,0.230448921,xsmall,Grass-Bush,Carnivorous,Oviparous,Sit-and-Wait,Diurnal,48
Anolis porcatus,2.455,0.390051496,xsmall,Trunk-Crown,Omnivorous,Oviparous,Active,Diurnal,95.1
Anolis porcus,100.6757076,2.002924691,small,Arboreal,Carnivorous,Oviparous,Sit-and-Wait,Diurnal,172
Anolis pulchellus,1.6,0.204119983,xsmall,Grass-Bush,Carnivorous,Oviparous,Sit-and-Wait,Diurnal,51.3
Anolis pumilus,1.298516909,0.113447609,xsmall,Arboreal,Carnivorous,Oviparous,Sit-and-Wait,Diurnal,39.2
Anolis quadriocellifer,3.516794832,0.546147033,xsmall,Trunk-Ground,Carnivorous,Oviparous,Sit-and-Wait,Diurnal,55
Anolis reconditus,20.41737945,1.31,small,Semi-Arboreal,Carnivorous,Oviparous,Mixed,Diurnal,100
Anolis rejectus,1.095593564,0.039649472,xsmall,Grass-Bush,Carnivorous,Oviparous,Sit-and-Wait,Diurnal,37
Anolis roosevelti,84.40985861,1.926393173,small,Crown-Giant,Omnivorous,Oviparous,Sit-and-Wait,Diurnal,162
Anolis rubribarbus,5.986333251,0.77716089,xsmall,Trunk-Ground,Omnivorous,Oviparous,Sit-and-Wait,Diurnal,65.9
Anolis ruibali,1.052605433,0.022265607,xsmall,Arboreal,Omnivorous,Oviparous,Sit-and-Wait,Diurnal,36.5
Anolis sagrei,4.05,0.607455023,xsmall,Trunk-Ground,Carnivorous,Oviparous,Sit-and-Wait,Diurnal,75
Anolis scriptus,9.106543962,0.959353588,xsmall,Trunk-Ground,Omnivorous,Oviparous,Sit-and-Wait,Diurnal,76
Anolis sierramaestrae,85.95198921,1.934255932,small,Arboreal,Omnivorous,Oviparous,Sit-and-Wait,Diurnal,163
Anolis smallwoodi,56,1.748188027,small,Crown-Giant,Omnivorous,Oviparous,Sit-and-Wait,Diurnal,190
Anolis smaragdinus,2.455,0.390051496,xsmall,Trunk-Crown,Carnivorous,Oviparous,Mixed,Diurnal,64.1
Anolis spectrum,1.601909312,0.204637926,xsmall,Semi-Arboreal,Omnivorous,Oviparous,Sit-and-Wait,Diurnal,42.1
Anolis stratulus,1.9,0.278753601,xsmall,Trunk-Crown,Carnivorous,Oviparous,Sit-and-Wait,Diurnal,61
Anolis terueli,1.378035782,0.139260495,xsmall,Arboreal,Omnivorous,Oviparous,Sit-and-Wait,Diurnal,40
Anolis toldo,4.815292621,0.682622684,xsmall,Arboreal,Omnivorous,Oviparous,Sit-and-Wait,Diurnal,61.2
Anolis valencienni,5.415,0.733598461,xsmall,Twig,Omnivorous,Oviparous,Active,Diurnal,86
Anolis vanidicus,1.27912231,0.106912074,xsmall,Grass-Bush,Carnivorous,Oviparous,Sit-and-Wait,Diurnal,39
Anolis vermiculatus,49.36759231,1.693441947,small,Semi-Aquatic,Omnivorous,Oviparous,Active,Diurnal,135
Anolis vescus,1.481870002,0.170810107,xsmall,Grass-Bush,Omnivorous,Oviparous,Sit-and-Wait,Diurnal,41
Anolis wattsii,4.111546034,0.614005157,xsmall,Semi-Arboreal,Carnivorous,Oviparous,Sit-and-Wait,Diurnal,58
Aristelliger cochranae,8.767294218,0.942865581,xsmall,Semi-Arboreal,Carnivorous,Oviparous,Active,Cathemeral,71.2
Aristelliger expectatus,4.072650928,0.609877188,xsmall,Arboreal,Omnivorous,Oviparous,Sit-and-Wait,Nocturnal,55
Aristelliger lar,80.16615229,1.903991039,small,Arboreal,Omnivorous,Oviparous,Sit-and-Wait,Nocturnal,150
Aristelliger praesignis,7.71,0.887054378,xsmall,Arboreal,Carnivorous,Oviparous,Sit-and-Wait,Cathemeral,100.7
Aristelliger reyesi,6.270001338,0.797267634,xsmall,Semi-Arboreal,Carnivorous,Oviparous,Sit-and-Wait,Cathemeral,63.6
Aristelliger titan,80.16615229,1.903991039,small,Semi-Arboreal,Omnivorous,Oviparous,Sit-and-Wait,Cathemeral,150
Capitellum mariagalantae,9.771398602,0.98995673,xsmall,Semi-Arboreal,Omnivorous,Viviparous,Sit-and-Wait,Diurnal,78.3
Celestus agasepsoides,2.340510738,0.369310638,xsmall,Terrestrial,Carnivorous,Viviparous,Sit-and-Wait,Nocturnal,71
Celestus anelpistus,599.5979134,2.777860113,small,Terrestrial,Omnivorous,Viviparous,Sit-and-Wait,Nocturnal,285
Celestus badius,17.95874653,1.254276021,small,Terrestrial,Carnivorous,Viviparous,Sit-and-Wait,Diurnal,104
Celestus barbouri,19.18953324,1.283064411,small,Terrestrial,Omnivorous,Viviparous,Sit-and-Wait,Nocturnal,106
Celestus carraui,585.0820786,2.767216796,small,Terrestrial,Omnivorous,Viviparous,Sit-and-Wait,Nocturnal,283
Celestus costatus,35.99456662,1.556236949,small,Terrestrial,Omnivorous,Viviparous,Sit-and-Wait,Diurnal,127
Celestus crusculus,11.72145809,1.068981639,small,Terrestrial,Carnivorous,Viviparous,Sit-and-Wait,Diurnal,92
Celestus curtissi,10.44424914,1.018877223,small,Terrestrial,Omnivorous,Viviparous,Sit-and-Wait,Nocturnal,89
Celestus darlingtoni,8.899751113,0.949377862,xsmall,Terrestrial,Omnivorous,Viviparous,Sit-and-Wait,Diurnal,85
Celestus duquesneyi,22.52806892,1.352723966,small,Terrestrial,Omnivorous,Viviparous,Sit-and-Wait,Nocturnal,111
Celestus fowleri,18.56687274,1.268738761,small,Arboreal,Omnivorous,Viviparous,Sit-and-Wait,Nocturnal,105
Celestus haetianus,14.60382915,1.164466744,small,Terrestrial,Carnivorous,Viviparous,Sit-and-Wait,Nocturnal,98
Celestus hewardi,121.1569461,2.083348318,small,Terrestrial,Carnivorous,Viviparous,Sit-and-Wait,Diurnal,180
Celestus macrotus,2.648294944,0.422966351,xsmall,Terrestrial,Omnivorous,Viviparous,Sit-and-Wait,Nocturnal,60
Celestus marcanoi,6.599168497,0.819489217,xsmall,Terrestrial,Omnivorous,Viviparous,Sit-and-Wait,Diurnal,78
Celestus microblepharis,9.649993018,0.984526999,xsmall,Terrestrial,Omnivorous,Viviparous,Sit-and-Wait,Nocturnal,87
Celestus molesworthi,11.72145809,1.068981639,small,Terrestrial,Omnivorous,Viviparous,Sit-and-Wait,Nocturnal,92
Celestus occiduus,1108.01753,3.044546631,medium,Terrestrial,Omnivorous,Viviparous,Sit-and-Wait,Nocturnal,340
Celestus sepsoides,6.599168497,0.819489217,xsmall,Terrestrial,Omnivorous,Viviparous,Sit-and-Wait,Nocturnal,78
Celestus stenurus,103.4282068,2.014638995,small,Terrestrial,Omnivorous,Viviparous,Sit-and-Wait,Diurnal,172
Celestus warreni,599.5979134,2.777860113,small,Terrestrial,Carnivorous,Viviparous,Sit-and-Wait,Cathemeral,285
Cricosaura typica,1.222021519,0.087078854,xsmall,Terrestrial,Carnivorous,Oviparous,Sit-and-Wait,Nocturnal,40
Cyclura carinata,773.435,2.888423821,small,Semi-Arboreal,Herbivorous,Oviparous,Sit-and-Wait,Diurnal,510
Cyclura collei,3331.584873,3.522650882,medium,Semi-Arboreal,Herbivorous,Oviparous,Sit-and-Wait,Diurnal,428
Cyclura cornuta,16578.115,4.219535148,large,Terrestrial,Herbivorous,Oviparous,Sit-and-Wait,Diurnal,640
Cyclura nubila,4100,3.612783857,medium,Semi-Arboreal,Herbivorous,Oviparous,Sit-and-Wait,Diurnal,750
Cyclura onchiopsis,103485.0552,5.014877636,mega,Terrestrial,Herbivorous,Oviparous,Sit-and-Wait,Diurnal,1360
Cyclura pinguis,4964.89,3.695909631,medium,Terrestrial,Herbivorous,Oviparous,Sit-and-Wait,Diurnal,560
Cyclura ricordi,1634,3.213252052,medium,Terrestrial,Herbivorous,Oviparous,Sit-and-Wait,Diurnal,485
Cyclura stejnegeri,6394.89275,3.805833265,large,Terrestrial,Herbivorous,Oviparous,Sit-and-Wait,Diurnal,533
Diploglossus delasagra,30.41536893,1.483093089,small,Terrestrial,Carnivorous,Oviparous,Sit-and-Wait,Diurnal,121
Diploglossus garridoi,17.36495019,1.239673542,small,Terrestrial,Carnivorous,Oviparous,Sit-and-Wait,Diurnal,103
Diploglossus nigropunctatus,30.41536893,1.483093089,small,Terrestrial,Carnivorous,Oviparous,Sit-and-Wait,Diurnal,121
Diploglossus pleii,80.41508765,1.90533754,small,Terrestrial,Carnivorous,Viviparous,Sit-and-Wait,Diurnal,160
Diploglossus sp.,174.8172905,2.242584385,small,Terrestrial,Carnivorous,Viviparous,Sit-and-Wait,Diurnal,200
Gekko gecko,54.13,1.733438027,small,Semi-Arboreal,Carnivorous,Oviparous,Mixed,Nocturnal,220
Gonatodes albogularis,1.865,0.270678836,xsmall,Semi-Arboreal,Carnivorous,Oviparous,Sit-and-Wait,Diurnal,48
Gymnophthalmus underwoodi,1.2,0.079181246,xsmall,Terrestrial,Carnivorous,Oviparous,Active,Diurnal,48
Hemidactylus angulatus,2.405,0.381115081,xsmall,Semi-Arboreal,Carnivorous,Oviparous,Sit-and-Wait,Nocturnal,71
Hemidactylus frenatus,3.295,0.517855419,xsmall,Arboreal,Carnivorous,Oviparous,Mixed,Nocturnal,67
Hemidactylus mabouia,4.155,0.618571028,xsmall,Semi-Arboreal,Carnivorous,Oviparous,Sit-and-Wait,Cathemeral,90
Hemidactylus turcicus,2.53,0.403120521,xsmall,Semi-Arboreal,Carnivorous,Oviparous,Mixed,Nocturnal,64.7
Iguana delicatissima,3400,3.531478917,medium,Semi-Arboreal,Herbivorous,Oviparous,Sit-and-Wait,Diurnal,434
Iguana iguana,1530,3.184691431,medium,Arboreal,Herbivorous,Oviparous,Sit-and-Wait,Diurnal,580
Leiocephalus anonymous,75.10561579,1.875672411,small,Terrestrial,Omnivorous,Oviparous,Sit-and-Wait,Diurnal,135
Leiocephalus apertosulcus,268.6830539,2.429240276,small,Terrestrial,Omnivorous,Oviparous,Sit-and-Wait,Diurnal,200
Leiocephalus barahonensis,16.12269821,1.207437725,small,Terrestrial,Omnivorous,Oviparous,Sit-and-Wait,Diurnal,84
Leiocephalus carinatus,30,1.477121255,small,Terrestrial,Omnivorous,Oviparous,Sit-and-Wait,Diurnal,133.2
Leiocephalus cubensis,52.65904224,1.721472956,small,Terrestrial,Omnivorous,Oviparous,Sit-and-Wait,Diurnal,121
Leiocephalus cuneus,268.6830539,2.429240276,small,Terrestrial,Omnivorous,Oviparous,Sit-and-Wait,Diurnal,200
Leiocephalus endomychus,8.518980051,0.930387601,xsmall,Terrestrial,Omnivorous,Oviparous,Sit-and-Wait,Diurnal,69
Leiocephalus eremitus,6.342513523,0.802261402,xsmall,Terrestrial,Omnivorous,Oviparous,Sit-and-Wait,Diurnal,63
Leiocephalus etheridgei,44.65222416,1.649843096,small,Terrestrial,Omnivorous,Oviparous,Sit-and-Wait,Diurnal,115
Leiocephalus jamaicensis,158.6155831,2.200345852,small,Terrestrial,Omnivorous,Oviparous,Sit-and-Wait,Diurnal,170
Leiocephalus lunatus,7.743915139,0.888960585,xsmall,Terrestrial,Omnivorous,Oviparous,Sit-and-Wait,Diurnal,67
Leiocephalus macropus,24.03021475,1.380757652,small,Semi-Arboreal,Herbivorous,Oviparous,Sit-and-Wait,Diurnal,95
Leiocephalus melanochlorus,66.45356611,1.822518292,small,Terrestrial,Omnivorous,Oviparous,Sit-and-Wait,Diurnal,130
Leiocephalus onaneyi,10.2271832,1.009756036,small,Terrestrial,Omnivorous,Oviparous,Sit-and-Wait,Diurnal,73
Leiocephalus partidus,66.45356611,1.822518292,small,Terrestrial,Omnivorous,Oviparous,Sit-and-Wait,Diurnal,130
Leiocephalus personatus,36.42446982,1.561393239,small,Terrestrial,Carnivorous,Oviparous,Sit-and-Wait,Diurnal,108
Leiocephalus pratensis,6.674852231,0.824441656,xsmall,Terrestrial,Omnivorous,Oviparous,Sit-and-Wait,Diurnal,64
Leiocephalus psammodromus,18.28,1.261976191,small,Terrestrial,Omnivorous,Oviparous,Sit-and-Wait,Diurnal,110
Leiocephalus raviceps,10.73545482,1.030820449,small,Terrestrial,Omnivorous,Oviparous,Sit-and-Wait,Diurnal,74.1
Leiocephalus rhutidira,7.375321949,0.867780983,xsmall,Terrestrial,Omnivorous,Oviparous,Sit-and-Wait,Diurnal,66
Leiocephalus schreibersii,35.34203812,1.548291591,small,Terrestrial,Carnivorous,Oviparous,Sit-and-Wait,Diurnal,107
Leiocephalus semilineatus,3.620984328,0.558826645,xsmall,Semi-Arboreal,Carnivorous,Oviparous,Sit-and-Wait,Diurnal,53
Leiocephalus sixtoi,18.74810192,1.272957306,small,Terrestrial,Carnivorous,Oviparous,Sit-and-Wait,Diurnal,88
Leiocephalus sp.,268.6830539,2.429240276,small,Terrestrial,Omnivorous,Oviparous,Sit-and-Wait,Diurnal,200
Leiocephalus stictigaster,28.37919028,1.453,small,Terrestrial,Omnivorous,Oviparous,Sit-and-Wait,Diurnal,100
Leiocephalus vinculum,12.1587638,1.084889422,small,Terrestrial,Omnivorous,Oviparous,Sit-and-Wait,Diurnal,77
Lepidodactylus lugubris,1.46,0.164352856,xsmall,Semi-Arboreal,Omnivorous,Oviparous,Sit-and-Wait,Nocturnal,51
Mabuya desiradae,20.23481438,1.306099225,small,Terrestrial,Omnivorous,Viviparous,Active,Diurnal,98.1
Mabuya grandisterrae,23.02205681,1.362144121,small,Semi-Arboreal,Omnivorous,Viviparous,Sit-and-Wait,Diurnal,102.1
Mabuya hispaniolae,16.79526559,1.225186876,small,Semi-Arboreal,Omnivorous,Viviparous,Sit-and-Wait,Diurnal,92.6
Pholidoscelis auberi,77.32252097,1.888306005,small,Terrestrial,Carnivorous,Oviparous,Active,Diurnal,136
Pholidoscelis chrysolaemus,128.1778982,2.107813146,small,Terrestrial,Carnivorous,Oviparous,Active,Diurnal,160
Pholidoscelis cineraceus,104.8682005,2.020643816,small,Terrestrial,Omnivorous,Oviparous,Active,Diurnal,150
Pholidoscelis corvinus,72.14040953,1.858178603,small,Terrestrial,Omnivorous,Oviparous,Active,Diurnal,133
Pholidoscelis dorsalis,48.42370666,1.68505803,small,Terrestrial,Omnivorous,Oviparous,Active,Diurnal,117
Pholidoscelis exsul,260.5791953,2.415939739,small,Terrestrial,Omnivorous,Oviparous,Active,Diurnal,201
Pholidoscelis griswoldi,256.5684713,2.409203287,small,Terrestrial,Carnivorous,Oviparous,Active,Diurnal,200
Pholidoscelis lineolatus,5.759035508,0.760349756,xsmall,Terrestrial,Carnivorous,Oviparous,Active,Diurnal,59
Pholidoscelis plei,188.0963499,2.274380368,small,Terrestrial,Omnivorous,Oviparous,Active,Diurnal,181
Pholidoscelis sp.,104.8682005,2.020643816,small,Terrestrial,Omnivorous,Oviparous,Active,Diurnal,150
Pholidoscelis taeniurus,34.58587122,1.53889872,small,Terrestrial,Carnivorous,Oviparous,Active,Diurnal,105
Pholidoscelis turukaeraensis,208.1744358,2.318427396,small,Terrestrial,Omnivorous,Oviparous,Active,Diurnal,187
Pholidoscelis wetmorei,3.982174642,0.600120303,xsmall,Terrestrial,Omnivorous,Oviparous,Active,Diurnal,52.4
Phyllodactylus wirshingi,7.525873085,0.87655689,xsmall,Terrestrial,Omnivorous,Oviparous,Sit-and-Wait,Nocturnal,66
Scincella lateralis,1.615,0.208172527,xsmall,Terrestrial,Carnivorous,Oviparous,Active,Diurnal,59
Sphaerodactylus altavelensis,0.608586135,-0.215677946,xxsmall,Terrestrial,Carnivorous,Oviparous,Sit-and-Wait,Diurnal,29
Sphaerodactylus argus,0.893277513,-0.049013599,xxsmall,Semi-Arboreal,Carnivorous,Oviparous,Sit-and-Wait,Diurnal,33
Sphaerodactylus ariasae,0.1,-1,xxsmall,Terrestrial,Carnivorous,Oviparous,Sit-and-Wait,Nocturnal,17.9
Sphaerodactylus armasi,0.815258688,-0.088704564,xxsmall,Arboreal,Omnivorous,Oviparous,Sit-and-Wait,Nocturnal,32
Sphaerodactylus armstrongi,0.741898052,-0.129655769,xxsmall,Semi-Arboreal,Omnivorous,Oviparous,Sit-and-Wait,Nocturnal,31
Sphaerodactylus asterulus,0.741898052,-0.129655769,xxsmall,Terrestrial,Carnivorous,Oviparous,Sit-and-Wait,Nocturnal,31
Sphaerodactylus becki,0.741898052,-0.129655769,xxsmall,Semi-Arboreal,Omnivorous,Oviparous,Sit-and-Wait,Cathemeral,31
Sphaerodactylus bromeliarum,0.554188833,-0.25634223,xxsmall,Arboreal,Omnivorous,Oviparous,Sit-and-Wait,Nocturnal,28.1
Sphaerodactylus caicosensis,0.815258688,-0.088704564,xxsmall,Arboreal,Carnivorous,Oviparous,Sit-and-Wait,Nocturnal,32
Sphaerodactylus callocricus,0.548351901,-0.260940647,xxsmall,Terrestrial,Omnivorous,Oviparous,Sit-and-Wait,Nocturnal,28
Sphaerodactylus celicara,0.815258688,-0.088704564,xxsmall,Semi-Arboreal,Carnivorous,Oviparous,Sit-and-Wait,Nocturnal,32
Sphaerodactylus cinereus,0.87,-0.060480747,xxsmall,Arboreal,Carnivorous,Oviparous,Sit-and-Wait,Nocturnal,37
Sphaerodactylus clenchi,0.976095664,-0.010507616,xxsmall,Terrestrial,Carnivorous,Oviparous,Sit-and-Wait,Diurnal,34
Sphaerodactylus cochranae,0.673054336,-0.171949874,xxsmall,Terrestrial,Omnivorous,Oviparous,Sit-and-Wait,Nocturnal,30
Sphaerodactylus copei,1.702033307,0.230968055,xsmall,Terrestrial,Omnivorous,Oviparous,Sit-and-Wait,Nocturnal,41
Sphaerodactylus cricoderus,0.391635296,-0.407118174,xxsmall,Terrestrial,Carnivorous,Oviparous,Sit-and-Wait,Nocturnal,25
Sphaerodactylus cryphius,0.267913971,-0.572004639,xxsmall,Terrestrial,Carnivorous,Oviparous,Sit-and-Wait,Nocturnal,22
Sphaerodactylus dacnicolor,0.815258688,-0.088704564,xxsmall,Semi-Arboreal,Carnivorous,Oviparous,Sit-and-Wait,Nocturnal,32
Sphaerodactylus darlingtoni,0.608586135,-0.215677946,xxsmall,Terrestrial,Carnivorous,Oviparous,Sit-and-Wait,Diurnal,29
Sphaerodactylus difficilis,0.5,-0.301029996,xxsmall,Semi-Arboreal,Carnivorous,Oviparous,Sit-and-Wait,Diurnal,34
Sphaerodactylus dimorphicus,0.925820955,-0.033472994,xxsmall,Semi-Arboreal,Carnivorous,Oviparous,Sit-and-Wait,Nocturnal,33.4
Sphaerodactylus docimus,0.673054336,-0.171949874,xxsmall,Semi-Arboreal,Omnivorous,Oviparous,Sit-and-Wait,Nocturnal,30
Sphaerodactylus elasmorhynchus,0.124575689,-0.904566702,xxsmall,Terrestrial,Carnivorous,Oviparous,Sit-and-Wait,Nocturnal,17
Sphaerodactylus elegans,0.51,-0.292429824,xxsmall,Semi-Arboreal,Carnivorous,Oviparous,Sit-and-Wait,Nocturnal,39.7
Sphaerodactylus elegantulus,0.608586135,-0.215677946,xxsmall,Terrestrial,Carnivorous,Oviparous,Sit-and-Wait,Nocturnal,29
Sphaerodactylus epiurus,0.391635296,-0.407118174,xxsmall,Terrestrial,Carnivorous,Oviparous,Sit-and-Wait,Nocturnal,25
Sphaerodactylus fantasticus,0.608586135,-0.215677946,xxsmall,Terrestrial,Carnivorous,Oviparous,Sit-and-Wait,Diurnal,29
Sphaerodactylus gaigeae,0.391635296,-0.407118174,xxsmall,Terrestrial,Carnivorous,Oviparous,Sit-and-Wait,Diurnal,25
Sphaerodactylus gilvitorques,0.49220994,-0.30784962,xxsmall,Terrestrial,Omnivorous,Oviparous,Sit-and-Wait,Nocturnal,27
Sphaerodactylus goniorhynchus,0.815258688,-0.088704564,xxsmall,Semi-Arboreal,Carnivorous,Oviparous,Sit-and-Wait,Diurnal,32
Sphaerodactylus intermedius,1.156693852,0.063218427,xsmall,Terrestrial,Carnivorous,Oviparous,Sit-and-Wait,Nocturnal,36
Sphaerodactylus klauberi,1.254755536,0.09855912,xsmall,Terrestrial,Carnivorous,Oviparous,Sit-and-Wait,Diurnal,37
Sphaerodactylus ladae,0.60237452,-0.220133407,xxsmall,Terrestrial,Carnivorous,Oviparous,Sit-and-Wait,Nocturnal,28.9
Sphaerodactylus lazelli,0.741898052,-0.129655769,xxsmall,Terrestrial,Omnivorous,Oviparous,Sit-and-Wait,Nocturnal,31
Sphaerodactylus leucaster,0.741898052,-0.129655769,xxsmall,Terrestrial,Carnivorous,Oviparous,Sit-and-Wait,Nocturnal,31
Sphaerodactylus macrolepis,0.5,-0.301029996,xxsmall,Terrestrial,Carnivorous,Oviparous,Sit-and-Wait,Diurnal,35
Sphaerodactylus monensis,0.5,-0.301029996,xxsmall,Terrestrial,Carnivorous,Oviparous,Sit-and-Wait,Diurnal,30
Sphaerodactylus nicholsi,0.3,-0.522878745,xxsmall,Terrestrial,Carnivorous,Oviparous,Sit-and-Wait,Cathemeral,25
Sphaerodactylus nigropunctatus,1.581678365,0.199118174,xsmall,Terrestrial,Carnivorous,Oviparous,Sit-and-Wait,Nocturnal,40
Sphaerodactylus notatus,0.5,-0.301029996,xxsmall,Terrestrial,Carnivorous,Oviparous,Sit-and-Wait,Diurnal,34
Sphaerodactylus nycteropus,0.233341135,-0.632008694,xxsmall,Terrestrial,Carnivorous,Oviparous,Sit-and-Wait,Nocturnal,21
Sphaerodactylus ocoae,1.254755536,0.09855912,xsmall,Terrestrial,Carnivorous,Oviparous,Sit-and-Wait,Diurnal,37
Sphaerodactylus oliveri,0.976095664,-0.010507616,xxsmall,Semi-Arboreal,Carnivorous,Oviparous,Sit-and-Wait,Diurnal,34
Sphaerodactylus omoglaux,0.201864099,-0.694940912,xxsmall,Terrestrial,Carnivorous,Oviparous,Sit-and-Wait,Nocturnal,20
Sphaerodactylus oxyrhinus,0.976095664,-0.010507616,xxsmall,Semi-Arboreal,Carnivorous,Oviparous,Sit-and-Wait,Nocturnal,34
Sphaerodactylus parkeri,1.063854149,0.026882092,xsmall,Terrestrial,Omnivorous,Oviparous,Sit-and-Wait,Nocturnal,35
Sphaerodactylus parvus,0.5,-0.301029996,xxsmall,Terrestrial,Carnivorous,Oviparous,Sit-and-Wait,Nocturnal,24
Sphaerodactylus perissodactylius,0.305725506,-0.514668328,xxsmall,Terrestrial,Carnivorous,Oviparous,Sit-and-Wait,Nocturnal,23
Sphaerodactylus pimienta,0.81,-0.091514981,xxsmall,Terrestrial,Omnivorous,Oviparous,Sit-and-Wait,Nocturnal,38
Sphaerodactylus plummeri,0.267913971,-0.572004639,xxsmall,Terrestrial,Carnivorous,Oviparous,Sit-and-Wait,Diurnal,22
Sphaerodactylus ramsdeni,0.893277513,-0.049013599,xxsmall,Semi-Arboreal,Carnivorous,Oviparous,Sit-and-Wait,Nocturnal,33
Sphaerodactylus randi,0.5,-0.301029996,xxsmall,Terrestrial,Omnivorous,Oviparous,Sit-and-Wait,Nocturnal,32
Sphaerodactylus rhabdotus,0.815258688,-0.088704564,xxsmall,Terrestrial,Carnivorous,Oviparous,Sit-and-Wait,Nocturnal,32
Sphaerodactylus richardi,0.822848622,-0.084680054,xxsmall,Semi-Arboreal,Carnivorous,Oviparous,Sit-and-Wait,Nocturnal,32.1
Sphaerodactylus richardsonii,1.581678365,0.199118174,xsmall,Terrestrial,Carnivorous,Oviparous,Sit-and-Wait,Diurnal,40
Sphaerodactylus roosevelti,0.97,-0.013228266,xxsmall,Semi-Arboreal,Carnivorous,Oviparous,Sit-and-Wait,Nocturnal,39
Sphaerodactylus ruibali,0.815258688,-0.088704564,xxsmall,Terrestrial,Carnivorous,Oviparous,Sit-and-Wait,Nocturnal,32
Sphaerodactylus samanensis,0.608586135,-0.215677946,xxsmall,Terrestrial,Omnivorous,Oviparous,Sit-and-Wait,Nocturnal,29
Sphaerodactylus savagei,0.635,-0.197226275,xxsmall,Arboreal,Omnivorous,Oviparous,Sit-and-Wait,Cathemeral,33
Sphaerodactylus scaber,0.976095664,-0.010507616,xxsmall,Terrestrial,Carnivorous,Oviparous,Sit-and-Wait,Nocturnal,34
Sphaerodactylus schuberti,0.893277513,-0.049013599,xxsmall,Semi-Arboreal,Carnivorous,Oviparous,Sit-and-Wait,Nocturnal,33
Sphaerodactylus schwartzi,0.201864099,-0.694940912,xxsmall,Terrestrial,Carnivorous,Oviparous,Sit-and-Wait,Nocturnal,20
Sphaerodactylus semasiops,0.815258688,-0.088704564,xxsmall,Semi-Arboreal,Omnivorous,Oviparous,Sit-and-Wait,Nocturnal,32
Sphaerodactylus siboney,0.83048528,-0.080668061,xxsmall,Terrestrial,Carnivorous,Oviparous,Sit-and-Wait,Nocturnal,32.2
Sphaerodactylus sommeri,1.063854149,0.026882092,xsmall,Terrestrial,Carnivorous,Oviparous,Sit-and-Wait,Nocturnal,35
Sphaerodactylus sputator,1.581678365,0.199118174,xsmall,Terrestrial,Carnivorous,Oviparous,Sit-and-Wait,Cathemeral,40
Sphaerodactylus storeyae,0.815258688,-0.088704564,xxsmall,Semi-Arboreal,Carnivorous,Oviparous,Sit-and-Wait,Nocturnal,32
Sphaerodactylus streptophorus,0.440018406,-0.356529157,xxsmall,Terrestrial,Carnivorous,Oviparous,Sit-and-Wait,Nocturnal,26
Sphaerodactylus thompsoni,0.893277513,-0.049013599,xxsmall,Semi-Arboreal,Carnivorous,Oviparous,Sit-and-Wait,Nocturnal,33
Sphaerodactylus torrei,1.467107316,0.166461883,xsmall,Semi-Arboreal,Carnivorous,Oviparous,Sit-and-Wait,Diurnal,39
Sphaerodactylus townsendi,0.673054336,-0.171949874,xxsmall,Terrestrial,Carnivorous,Oviparous,Sit-and-Wait,Diurnal,30
Sphaerodactylus underwoodi,0.815258688,-0.088704564,xxsmall,Semi-Arboreal,Carnivorous,Oviparous,Sit-and-Wait,Nocturnal,32
Sphaerodactylus williamsi,0.267913971,-0.572004639,xxsmall,Terrestrial,Carnivorous,Oviparous,Sit-and-Wait,Nocturnal,22
Sphaerodactylus zygaena,0.815258688,-0.088704564,xxsmall,Semi-Arboreal,Carnivorous,Oviparous,Sit-and-Wait,Nocturnal,32
Spondylurus culebrae,19.90368369,1.298933461,small,Semi-Arboreal,Omnivorous,Viviparous,Sit-and-Wait,Diurnal,97.6
Spondylurus fulgidus,12.64125543,1.101790207,small,Semi-Arboreal,Carnivorous,Viviparous,Sit-and-Wait,Diurnal,84.8
Spondylurus haitiae,12.83481022,1.108389451,small,Semi-Arboreal,Omnivorous,Viviparous,Sit-and-Wait,Diurnal,85.2
Spondylurus lineolatus,5.018411006,0.700566227,xsmall,Terrestrial,Omnivorous,Viviparous,Active,Diurnal,63.7
Spondylurus monae,13.73117388,1.137707667,small,Semi-Arboreal,Omnivorous,Viviparous,Sit-and-Wait,Diurnal,87
Spondylurus powelli,7.353114922,0.866471354,xsmall,Semi-Arboreal,Omnivorous,Viviparous,Sit-and-Wait,Diurnal,71.7
Spondylurus turksae,10.18012526,1.007753122,small,Semi-Arboreal,Omnivorous,Viviparous,Sit-and-Wait,Diurnal,79.3
Tarentola albertschwartzi,64.66094841,1.81064207,small,Semi-Arboreal,Omnivorous,Oviparous,Sit-and-Wait,Nocturnal,137
Tarentola americana,43.7712319,1.64118877,small,Semi-Arboreal,Carnivorous,Oviparous,Sit-and-Wait,Nocturnal,120
Tarentola crombiei,5.091872075,0.706877484,xsmall,Arboreal,Carnivorous,Oviparous,Sit-and-Wait,Nocturnal,57.8
Thecadactylus rapicauda,29.2,1.465382851,small,Semi-Arboreal,Carnivorous,Oviparous,Sit-and-Wait,Nocturnal,126
Alsophis antiguae,116.7605361,2.06729608,small,Terrestrial,Carnivorous,Oviparous,Active,Diurnal,700
Alsophis antillensis,241.704553,2.383284831,small,Terrestrial,Carnivorous,Oviparous,Active,Diurnal,930
Alsophis rijgersmaei,159.1559872,2.201822981,small,Terrestrial,Carnivorous,Oviparous,Active,Diurnal,790
Alsophis sp.,267.7957251,2.42780364,small,Terrestrial,Carnivorous,Oviparous,Active,Diurnal,
Arrhyton ainictum,21.72305325,1.336920867,small,Terrestrial,Insectivorous,Oviparous,Sit-and-Wait,Nocturnal,363
Arrhyton dolichura,8.273066741,0.917666528,xsmall,Terrestrial,Carnivorous,Oviparous,Active,Nocturnal,249
Arrhyton procerum,5.154660357,0.712200055,xsmall,Terrestrial,Carnivorous,Oviparous,Active,Nocturnal,207
Arrhyton redimitum,8.358423312,0.922124362,xsmall,Terrestrial,Insectivorous,Oviparous,Sit-and-Wait,Nocturnal,250
Arrhyton supernum,8.793249623,0.944149402,xsmall,Terrestrial,Carnivorous,Oviparous,Active,Nocturnal,255
Arrhyton taeniatum,37.23256821,1.570922994,small,Terrestrial,Carnivorous,Oviparous,Sit-and-Wait,Nocturnal,448
Arrhyton tanyplectum,14.02595926,1.146932573,small,Terrestrial,Carnivorous,Oviparous,Active,Nocturnal,306
Arrhyton vittatum,5.154660357,0.712200055,xsmall,Terrestrial,Carnivorous,Oviparous,Active,Nocturnal,207
Boa blanchardensis,1.715735232,0.234450269,xsmall,Terrestrial,Insectivorous,Viviparous,Sit-and-Wait,Nocturnal,
Boa constrictor,35283.7665,4.547574939,large,Semi-Arboreal,Carnivorous,Viviparous,Sit-and-Wait,Nocturnal,3000
Boa sp.1,3.679202351,0.565753674,xsmall,Semi-Arboreal,Carnivorous,Viviparous,Sit-and-Wait,Nocturnal,
Boa sp.2,1133.008695,3.054233243,medium,Semi-Arboreal,Carnivorous,Viviparous,Sit-and-Wait,Nocturnal,
Borikenophis portoricensis,237.0727057,2.374881556,small,Terrestrial,Carnivorous,Oviparous,Active,Diurnal,923
Caraiba andreae,116.7605361,2.06729608,small,Terrestrial,Carnivorous,Oviparous,Active,Diurnal,700
Chilabothrops angulifer,31573.1953,4.499318536,large,Arboreal,Carnivorous,Viviparous,Sit-and-Wait,Nocturnal,4000
Chilabothrops chrysogaster,1424.115183,3.153545117,medium,Terrestrial,Carnivorous,Viviparous,Active,Nocturnal,1310
Chilabothrops exsul,374.9336437,2.573954412,small,Semi-Arboreal,Carnivorous,Viviparous,Active,Nocturnal,810
Chilabothrops fordii,442.7593087,2.646167701,small,Semi-Arboreal,Carnivorous,Viviparous,Active,Nocturnal,860
Chilabothrops gracilis,510.10133,2.707656456,small,Arboreal,Carnivorous,Viviparous,Active,Nocturnal,905
Chilabothrops granti,8203,3.913972712,large,Semi-Arboreal,Carnivorous,Viviparous,Active,Nocturnal,
Chilabothrops inornatus,4936.60886,3.693428718,medium,Semi-Arboreal,Carnivorous,Viviparous,Active,Nocturnal,2050
Chilabothrops striatus,7043.362435,3.847780037,large,Arboreal,Carnivorous,Viviparous,Active,Nocturnal,2330
Clelia cf. clelia,1717.662439,3.234937819,medium,Semi-Aquatic,Carnivorous,Oviparous,Active,Diurnal,2000
Cubophis cantherigerus,607.7010863,2.783690013,small,Terrestrial,Carnivorous,Oviparous,Active,Diurnal,1333
Cubophis sp.,2.423861941,0.38450788,xsmall,Terrestrial,Carnivorous,Oviparous,Active,Diurnal,
Cubophis vudii,186.2426968,2.270079252,small,Terrestrial,Carnivorous,Oviparous,Active,Diurnal,840
Epicrates subflavus,4609.557831,3.663659268,medium,Semi-Arboreal,Carnivorous,Viviparous,Active,Nocturnal,2000
Haitiophis anomalus,2179.4,3.338336947,medium,Terrestrial,Carnivorous,Oviparous,Active,Diurnal,2000
Hypsirhynchus ater,191.973759,2.283241869,small,Terrestrial,Carnivorous,Oviparous,Active,Diurnal,850
Hypsirhynchus callilaemus,40.95878001,1.612347012,small,Terrestrial,Carnivorous,Oviparous,Active,Diurnal,465
Hypsirhynchus ferox,150.5316021,2.177627684,small,Terrestrial,Carnivorous,Oviparous,Active,Diurnal,773
Hypsirhynchus funererus,44.19155156,1.64533925,small,Terrestrial,Carnivorous,Oviparous,Active,Diurnal,479
Hypsirhynchus melanichnus,89.14790614,1.950111147,small,Terrestrial,Carnivorous,Oviparous,Active,Diurnal,630
Hypsirhynchus parvifrons,65.03320458,1.813135155,small,Terrestrial,Carnivorous,Oviparous,Active,Diurnal,557
Hypsirhynchus polylepis,38.74067531,1.588167187,small,Terrestrial,Carnivorous,Oviparous,Active,Diurnal,455
Hypsirhynchus scalaris,76.01790401,1.880915891,small,Terrestrial,Carnivorous,Oviparous,Active,Diurnal,592
Ialtris agyrtes,70.86666252,1.85044198,small,Terrestrial,Carnivorous,Oviparous,Active,Diurnal,576
Ialtris dorsalis,283.6754375,2.452821733,small,Terrestrial,Carnivorous,Oviparous,Active,Diurnal,990
Ialtris haetianus,13.9088713,1.143291889,small,Terrestrial,Carnivorous,Oviparous,Active,Diurnal,305
Ialtris parishi,136.9595166,2.136592214,small,Terrestrial,Carnivorous,Oviparous,Active,Diurnal,745
Liophis juliae,39.4,1.595496222,small,Terrestrial,Carnivorous,Oviparous,Active,Diurnal,458
Magliophis exiguus,16.36565107,1.213933287,small,Terrestrial,Carnivorous,Oviparous,Active,Diurnal,325
Magliophis stahli,35.14108747,1.545815197,small,Terrestrial,Carnivorous,Oviparous,Active,Diurnal,438
Mitophis asbolepis,1.550387837,0.190440353,xsmall,Terrestrial,Insectivorous,Oviparous,Sit-and-Wait,Nocturnal,156
Mitophis calypso,2.408438409,0.381735545,xsmall,Terrestrial,Insectivorous,Oviparous,Sit-and-Wait,Nocturnal,190
Mitophis leptepileptus,1.550387837,0.190440353,xsmall,Terrestrial,Insectivorous,Oviparous,Sit-and-Wait,Nocturnal,156
Mitophis pyrites,1.757353503,0.244859131,xsmall,Terrestrial,Insectivorous,Oviparous,Sit-and-Wait,Nocturnal,165
Nerodia clarkii,308,2.488550717,small,Semi-Aquatic,Carnivorous,Viviparous,Sit-and-Wait,Nocturnal,
Pantherophis alleghaniensis,6561,3.816970038,large,Semi-Arboreal,Carnivorous,Oviparous,Sit-and-Wait,Nocturnal,
Ramphotyphlops braminus,1.503724259,0.177168206,xsmall,Terrestrial,Insectivorous,Oviparous,Sit-and-Wait,Nocturnal,
Tretanorhinus variabilis,164.3665565,2.215813457,small,Aquatic,Carnivorous,Oviparous,Sit-and-Wait,Nocturnal,800
Tropidophis bucculentus,90.95698992,1.95883608,small,Terrestrial,Carnivorous,Viviparous,Active,Nocturnal,596
Tropidophis celiae,19.67214972,1.293851821,small,Terrestrial,Carnivorous,Viviparous,Active,Nocturnal,344
Tropidophis feicki,41.06393341,1.613460547,small,Semi-Arboreal,Carnivorous,Viviparous,Active,Nocturnal,448
Tropidophis fuscus,13.94073924,1.144285804,small,Terrestrial,Carnivorous,Viviparous,Active,Nocturnal,304
Tropidophis galacelidus,31.00057111,1.491369695,small,Terrestrial,Carnivorous,Viviparous,Active,Nocturnal,405
Tropidophis greenwayi,17.81930253,1.250890701,small,Terrestrial,Carnivorous,Viviparous,Active,Nocturnal,332
Tropidophis haetianus,73.4585363,1.866042271,small,Terrestrial,Carnivorous,Viviparous,Active,Nocturnal,552
Tropidophis hardyi,18.1199776,1.258157656,small,Terrestrial,Carnivorous,Viviparous,Active,Nocturnal,334
Tropidophis hendersoni,11.08618892,1.044782275,small,Terrestrial,Carnivorous,Viviparous,Active,Nocturnal,280
Tropidophis jamaicensis,18.73104154,1.272561927,small,Terrestrial,Carnivorous,Viviparous,Active,Nocturnal,338
Tropidophis maculatus,25.01791496,1.398251112,small,Terrestrial,Carnivorous,Viviparous,Active,Nocturnal,375
Tropidophis melanurus,340.2676476,2.531820659,small,Semi-Arboreal,Carnivorous,Viviparous,Active,Nocturnal,957
Tropidophis morenoi,21.81391669,1.33873365,small,Terrestrial,Carnivorous,Viviparous,Active,Nocturnal,357
Tropidophis nigriventris,6.17857095,0.790888038,xsmall,Terrestrial,Carnivorous,Viviparous,Sit-and-Wait,Nocturnal,227
Tropidophis pardalis,11.87569306,1.074658964,small,Terrestrial,Carnivorous,Viviparous,Active,Nocturnal,287
Tropidophis pilsbryi,24.28151119,1.385275712,small,Terrestrial,Carnivorous,Viviparous,Active,Nocturnal,371
Tropidophis semicinctus,31.64457114,1.500299214,small,Terrestrial,Carnivorous,Viviparous,Active,Nocturnal,408
Tropidophis spiritus,24.4642908,1.38853263,small,Terrestrial,Carnivorous,Viviparous,Active,Nocturnal,372
Tropidophis stejnegeri,65.24504009,1.814547502,small,Terrestrial,Carnivorous,Viviparous,Active,Nocturnal,529
Tropidophis stullae,7.905737368,0.897942383,xsmall,Terrestrial,Carnivorous,Viviparous,Active,Nocturnal,248
Tropidophis wrighti,52.11198595,1.716937624,small,Semi-Arboreal,Carnivorous,Viviparous,Active,Nocturnal,488
Tropidophis xantogaster,7.132085683,0.853216552,xsmall,Terrestrial,Carnivorous,Viviparous,Active,Nocturnal,239
Typhlops agoralionis,2.68264461,0.428563142,xsmall,Terrestrial,Insectivorous,Oviparous,Sit-and-Wait,Nocturnal,
Typhlops anchaurus,5.999569873,0.778120116,xsmall,Terrestrial,Insectivorous,Oviparous,Sit-and-Wait,Nocturnal,
Typhlops anousius,2.893768423,0.461463773,xsmall,Terrestrial,Insectivorous,Oviparous,Sit-and-Wait,Nocturnal,
Typhlops arator,66.30780817,1.821564672,small,Terrestrial,Insectivorous,Oviparous,Sit-and-Wait,Nocturnal,
Typhlops capitulatus,8.894183559,0.949106088,xsmall,Terrestrial,Insectivorous,Oviparous,Sit-and-Wait,Nocturnal,
Typhlops cf. silus,1.9,0.278753601,xsmall,Semi-Arboreal,Insectivorous,Oviparous,Sit-and-Wait,Nocturnal,
Typhlops contorhinus,15.43827367,1.188598735,small,Terrestrial,Insectivorous,Oviparous,Sit-and-Wait,Nocturnal,
Typhlops eperopeus,10.74168566,1.031072439,small,Terrestrial,Insectivorous,Oviparous,Sit-and-Wait,Nocturnal,
Typhlops geotomus,3.861053999,0.586705876,xsmall,Terrestrial,Insectivorous,Oviparous,Sit-and-Wait,Nocturnal,
Typhlops golyathi,29.97076637,1.476697848,small,Terrestrial,Insectivorous,Oviparous,Sit-and-Wait,Nocturnal,
Typhlops gonavensis,4.350778365,0.63856696,xsmall,Terrestrial,Insectivorous,Oviparous,Sit-and-Wait,Nocturnal,
Typhlops granti,3.7,0.568201724,xsmall,Terrestrial,Insectivorous,Oviparous,Sit-and-Wait,Nocturnal,
Typhlops guadeloupensis,13.50994866,1.130653699,small,Terrestrial,Insectivorous,Oviparous,Sit-and-Wait,Nocturnal,
Typhlops hectus,5.727243418,0.757945642,xsmall,Terrestrial,Insectivorous,Oviparous,Sit-and-Wait,Nocturnal,
Typhlops hypomethes,9.26886125,0.967026381,xsmall,Terrestrial,Insectivorous,Oviparous,Sit-and-Wait,Nocturnal,
Typhlops jamaicensis,58.66695135,1.768393521,small,Terrestrial,Insectivorous,Oviparous,Sit-and-Wait,Nocturnal,
Typhlops lumbricalis,7.724724946,0.887883024,xsmall,Terrestrial,Insectivorous,Oviparous,Sit-and-Wait,Nocturnal,
Typhlops notorachius,13.84669315,1.141346068,small,Terrestrial,Insectivorous,Oviparous,Sit-and-Wait,Nocturnal,
Typhlops oxyrhinus,7.724724946,0.887883024,xsmall,Terrestrial,Insectivorous,Oviparous,Sit-and-Wait,Nocturnal,
Typhlops pachyrhinus,4.278190471,0.631260116,xsmall,Terrestrial,Insectivorous,Oviparous,Sit-and-Wait,Nocturnal,
Typhlops perimychus,10.60118979,1.02535461,small,Terrestrial,Insectivorous,Oviparous,Sit-and-Wait,Nocturnal,
Typhlops platycephalus,21,1.322219295,small,Terrestrial,Insectivorous,Oviparous,Sit-and-Wait,Nocturnal,337
Typhlops proancylops,6.281219473,0.798043968,xsmall,Terrestrial,Insectivorous,Oviparous,Sit-and-Wait,Nocturnal,
Typhlops pusillus,4.805321681,0.681722466,xsmall,Terrestrial,Insectivorous,Oviparous,Sit-and-Wait,Nocturnal,
Typhlops richardii,22.19005658,1.34615841,small,Terrestrial,Insectivorous,Oviparous,Active,Nocturnal,
Typhlops rostellatus,4.498643047,0.653081535,xsmall,Terrestrial,Insectivorous,Oviparous,Sit-and-Wait,Nocturnal,202
Typhlops satelles,24.16814333,1.383243288,small,Terrestrial,Insectivorous,Oviparous,Sit-and-Wait,Nocturnal,
Typhlops schwartzi,18.6,1.269512944,small,Terrestrial,Insectivorous,Oviparous,Sit-and-Wait,Nocturnal,
Typhlops sp.,7.775223881,0.890712903,xsmall,Terrestrial,Insectivorous,Oviparous,Sit-and-Wait,Nocturnal,
Typhlops sulcatus,17.1592773,1.234498993,small,Terrestrial,Insectivorous,Oviparous,Sit-and-Wait,Nocturnal,
Typhlops syleptor,3.928421371,0.594218065,xsmall,Terrestrial,Insectivorous,Oviparous,Sit-and-Wait,Nocturnal,
Typhlops syntherus,3.599981215,0.556300235,xsmall,Terrestrial,Insectivorous,Oviparous,Sit-and-Wait,Nocturnal,
Typhlops tetrathyreus,9.654919465,0.984748656,xsmall,Terrestrial,Insectivorous,Oviparous,Sit-and-Wait,Nocturnal,
Typhlops titanops,4.065722218,0.609137703,xsmall,Terrestrial,Insectivorous,Oviparous,Sit-and-Wait,Nocturnal,
Uromacer catesbyi,180.6171539,2.256758995,small,Arboreal,Carnivorous,Oviparous,Sit-and-Wait,Diurnal,830
Uromacer frenatus,241.704553,2.383284831,small,Arboreal,Carnivorous,Oviparous,Sit-and-Wait,Diurnal,930
Uromacer oxyrhynchus,822.1853128,2.914969714,small,Arboreal,Carnivorous,Oviparous,Sit-and-Wait,Diurnal,1500
Chelonoidis alburyorum,17043.08,4.231548083,large,Terrestrial,Herbivorous,Oviparous,Active,Diurnal,
Chelonoidis carbonaria,2000,3.301029996,medium,Terrestrial,Herbivorous,Oviparous,Active,Diurnal,60
Chelonoidis cubensis,101070.51,5.004624457,mega,Terrestrial,Herbivorous,Oviparous,Active,Diurnal,
Chelonoidis dominicensis,12618.81532,4.101018584,large,Terrestrial,Herbivorous,Oviparous,Active,Diurnal,
Chelonoidis monensis,20191.93,4.305177832,large,Terrestrial,Herbivorous,Oviparous,Active,Diurnal,
Chelonoidis sombrerensis,134896.2883,5.13,mega,Terrestrial,Herbivorous,Oviparous,Active,Diurnal,
Chelonoidis sp.1,9180.06,3.96284552,large,Terrestrial,Herbivorous,Oviparous,Active,Diurnal,
Chelonoidis sp.2,33276.25,4.522134378,large,Terrestrial,Herbivorous,Oviparous,Active,Diurnal,
Chelonoidis sp.3,61329.28,4.787667866,mega,Terrestrial,Herbivorous,Oviparous,Active,Diurnal,
Chelonoidis sp.4,10955.80708,4.039644376,large,Terrestrial,Herbivorous,Oviparous,Active,Diurnal,
Trachemys decorata,2522,3.401745082,medium,Aquatic,Omnivorous,Oviparous,Active,Diurnal,340
Trachemys decussata,630.1,2.79940948,small,Aquatic,Omnivorous,Oviparous,Active,Diurnal,390
Trachemys scripta,1854,3.26810973,medium,Aquatic,Carnivorous,Oviparous,Active,Diurnal,280